{"k0": true, "k3": "聙\u0007", "k2": [5e-324], "k5": {"nk0": 2147483647, "nk1": 3.141592653589793, "nk2": 2.2250738585072014e-308}, "k4": [], "k1": {"nk0": 0.1, "nk1": 5e-324}}