{"k2": {"nk0": 1e+17, "nk1": 0, "nk2": 3.14159}, "k3": [0.3333333333333333, 2147483647, -1, 1.7976931348623157e+308], "k0": [], "k1": []}