{"k3": {"nk0": -2.5, "nk1": 0.3333333333333333}, "k2": [], "k4": [-2.5, 0.3], "k1": [], "k0": {"nk0": 5e-324, "nk1": 1e-100, "nk2": 0.3333333333333333}, "k5": [9007199254740993, 0.001, 0.2]}