{"k0": true, "k1": {"nk0": 3.14159, "nk1": 2.718281828459045, "nk2": 1e+100}}