{"𐀀 ÿ\" ": [[[3.141592653589793, 0.3333333333333333, "ÿ"], 3.14159, "😀  \u0007"], 2.718281828459045, "\u001f\u0000 / "], "tag": 1}