{"k3": [18446744073709551616, 3.14159, 0.3333333333333333], "k5": "😀\u001f/>><􏿿", "k4": [], "k2": false, "k1": null, "k0": [9007199254740992]}