{"k5": {"nk0": 0.30000000000000004, "nk1": 0}, "k1": 0.3333333333333333, "k4": null, "k0": true, "k2": false, "k3": "\u001fп»ї<\u001fрђЂЂ"}