{"k2": 2147483647, "k1": {"nk0": 3.141592653589793, "nk1": 3.141592653589793, "nk2": 9223372036854775807}, "k3": [], "k0": -0.0, "k4": true}