{"k2": [2.2250738585072014e-308, 0, 1e+16], "k0": 0, "k3": [2147483647, 0.001], "k1": [0.3333333333333333]}