{"k0": [], "k1": true, "k5": -0.0, "k3": 3.14159, "k2": {"nk0": 1}, "k4": [3.14159, 0.3333333333333333, 0, 0.0]}