{"k0": [], "k3": [0.30000000000000004, 1, 0.3, 3.141592653589793], "k4": "пїїВЂ", "k2": 0, "k1": {}}