{"k0": {"nk0": 5e-324}, "k3": 1e+16, "k1": [-2147483648, 10000000000.0, 2.2250738585072014e-308, 0.30000000000000004], "k4": [-0.0, 1.7976931348623157e+308, 0.1], "k2": []}