{"k2": [], "k3": false, "k1": {"nk0": 0.30000000000000004, "nk1": 0.3333333333333333, "nk2": 9223372036854775807}, "k4": true, "k0": []}