{"\u0007\u001fвЂЁ<\u0007": {"\"\\рђЂЂ<пїїпїївЂЁ": {"ЯїфЏїї": [{"&а ЂрђЂЂЯїа Ђ <": 0.30000000000000004, "tag": 7}, 0.30000000000000004, "\\/рђЂЂ"], "tag": 6}, "tag": 4}, "tag": 4}