{"k4": [2.718281828459045, 9223372036854775807, 1000000000000000.0, -2147483648], "k1": [0.1], "k3": false, "k2": [0.3333333333333333], "k0": true}