{"k5": [2147483647, 3.141592653589793, 9007199254740993], "k2": {"nk0": 18446744073709551616, "nk1": 2.2250738585072014e-308}, "k4": null, "k3": [], "k1": [0.001, 0], "k0": []}