{"k0": -2.5, "k2": false, "k1": {"nk0": 2.2250738585072014e-308, "nk1": 2.718281828459045, "nk2": 0.2}}