{"Гҝ<вҖЁ\u0007": [[[[1e+17, 0.30000000000000004, ">рҹҳҖ\u0007<"], 0.3333333333333333, " пҝҝрҹҳҖа ҖВҖВҖВҖ"], 10000000000.0, "пҝҪфҸҝҝ>"], 1e+16, "/вҖЁфҸҝҝпҝҪ&\u0000"], "tag": 0}