{"&ﾃｿ": [[2.2250738585072014e-308, 9223372036854775807, "魹ｿ魹ｽ"], 2.2250738585072014e-308, "¥¥¥u001f窶ｨ窶ｨ魹ｽ"], "tag": 2}