{"k1": null, "k0": "пїїДЂ<\u001f\u0000", "k2": {"nk0": 0, "nk1": 9007199254740993}, "k3": [3.141592653589793, 0.30000000000000004, 0, 0.3]}