{"k0": [0, 3.14159, -2.5, -2147483648], "k1": [3.14159, 0.3333333333333333]}