{"\"вҖ©фҸҝҝ": [[1.7976931348623157e+308, 3.141592653589793, "фҸҝҝ п»ҝВҖГҝпҝҝрҹҳҖ\u001f"], -2.5, "&ДҖрҗҖҖГҝа ҖГҝ/\\"], "tag": 8}