{"k3": [2.2250738585072014e-308, 3.14159, 1e+100], "k0": "\"\u0007Ā<𐀀ࠀ&", "k2": 0.3333333333333333, "k1": []}