{"k1": 5e-324, "k3": {}, "k0": 0, "k4": [1], "k2": {"nk0": 3.14159, "nk1": -9223372036854775808, "nk2": 2.2250738585072014e-308}, "k5": ">􏿿"}