{"k2": false, "k3": [], "k1": {"nk0": 0.3, "nk1": 2.718281828459045, "nk2": 0.2}, "k0": {"nk0": 2.2250738585072014e-308}, "k4": [1, -0.0, 1e+16]}