{"k3": [], "k1": {}, "k2": [2.718281828459045, 2.718281828459045, 2.718281828459045, 1e-100], "k0": [2.718281828459045]}