{"k4": {"nk0": 2.2250738585072014e-308, "nk1": 1}, "k5": "\\ ", "k2": {"nk0": 0.30000000000000004, "nk1": 2147483647}, "k3": [], "k1": false, "k0": {"nk0": -9223372036854775808, "nk1": 0.1}}