{"k0": {"nk0": 0.3333333333333333, "nk1": 0.3333333333333333}}