{"k0": {"nk0": 0.3333333333333333, "nk1": 9223372036854775807, "nk2": 3.14159}, "k4": 10000000000.0, "k3": 10000000000.0, "k2": [0, 9007199254740993, 9223372036854775807], "k1": []}