{"k5": [1e+16, 18446744073709551616, 2.2250738585072014e-308, 0.3333333333333333], "k0": [0.30000000000000004, 1], "k1": {}, "k3": true, "k2": {"nk0": 0.2}, "k4": false}