{"<锟苦爛": [0.30000000000000004, 1.7976931348623157e+308, "锘縗u0007"], "tag": 5}