{"k5": false, "k3": {"nk0": 1e-100, "nk1": 2147483647}, "k0": [0, 9223372036854775807, 0.3333333333333333, 5e-324], "k4": {"nk0": 0.30000000000000004, "nk1": 2.718281828459045}, "k1": true, "k2": [1e+16]}