{"\u0007пњљ\u0000рРААфПњњяњ\u001f": [[[1e+16, 0, "\u001fрЯШАпњљпїњ"], 3.141592653589793, "фПњњ/пњљ"], 0.3333333333333333, "\u0007рРААпїњ>/\\"], "tag": 8}