{"k4": [9007199254740992, 1e+100, 0.3333333333333333, -2147483648], "k5": [], "k3": false, "k0": "\\>😀//", "k2": true, "k1": [0.30000000000000004, -9223372036854775808, 0.30000000000000004]}