{"Ā": [{"Ā>\u0000😀􏿿😀﻿😀": {"&": [2.718281828459045, 5e-324, "߿"], "tag": 5}, "tag": 6}, 2.2250738585072014e-308, "߿￿/ࠀÿ<\\"], "tag": 6}