{"k0": [], "k2": false, "k3": [-2.5, -9223372036854775808, -0.0], "k1": 2.2250738585072014e-308, "k4": 0.3333333333333333}