{"߿&😀": {"😀 &": [[-1, 2.2250738585072014e-308, "߿﻿ 𐀀"], 3.141592653589793, " />߿ÿ"], "tag": 1}, "tag": 6}