{"пїЅ&\u0007": [[{"ГїрђЂЂ/\u0007ЯїЯї": 3.14159, "tag": 4}, 2.2250738585072014e-308, "фЏїїЯїГїфЏїї"], -1, "пїЅ\\\\Гї вЂЁ&"], "tag": 0}