{"k5": [], "k2": true, "k4": [3.141592653589793, 0], "k0": [], "k1": null, "k3": [1e+17, 18446744073709551616, 0.3, 0.30000000000000004]}