{"k5": {}, "k0": " \"￿\u0000", "k2": ">ࠀ￿", "k3": [2.718281828459045, 2.718281828459045, 2147483647], "k4": [], "k1": {"nk0": 1e+100, "nk1": 1e+17, "nk2": 0.1}}