{"k2": [2.2250738585072014e-308], "k1": [0.3333333333333333], "k0": []}