{"k1": "ÿ", "k0": true, "k3": [0.3333333333333333, 9223372036854775807], "k2": [3.14159]}