{"k1": [2147483647, -2.5, 1e+17, 0.0], "k0": [], "k3": [2.2250738585072014e-308], "k2": {"nk0": 3.141592653589793, "nk1": -9223372036854775808}, "k4": false}