{">ࠀ> ": [{">": 0.3333333333333333, "tag": 5}, 0.3333333333333333, "\\😀ࠀ\u0000ÿ\u0007"], "tag": 5}