{"k1": [2.718281828459045, 2.2250738585072014e-308], "k2": {"nk0": 0.2}, "k0": {"nk0": 1.7976931348623157e+308, "nk1": 1e+100}}