{"k2": [3.141592653589793, 0.30000000000000004, 9223372036854775807, 0], "k1": [2.2250738585072014e-308, -0.0, 0.3333333333333333], "k3": true, "k4": "\u0007>😀Ā􏿿", "k0": [9223372036854775807, 9007199254740991, 0, 0.3333333333333333]}