{"  а ҖГҝ/вҖ©": [[3.141592653589793, 1.7976931348623157e+308, " п»ҝфҸҝҝрҹҳҖЯҝ"], -2147483648, "вҖЁ"], "tag": 1}