{"k3": [1.7976931348623157e+308, 1.7976931348623157e+308, -1], "k5": "  𐀀", "k0": [], "k1": 1e+100, "k4": {"nk0": 9223372036854775807, "nk1": 18446744073709551616}, "k2": []}