{"k3": {"nk0": 0.3333333333333333, "nk1": 3.14159}, "k0": {"nk0": 10000000000.0}, "k2": 9007199254740992, "k1": []}