{"k1": -1, "k3": [], "k2": {"nk0": -2147483648}, "k0": [1, 1000000000000000.0, 3.141592653589793, 2.718281828459045]}