{"k2": {"nk0": 1, "nk1": 1.7976931348623157e+308, "nk2": 1}, "k1": [-1, 0.0], "k3": "\\", "k0": {"nk0": 9223372036854775807, "nk1": 1000000000000000.0, "nk2": 0.3333333333333333}}