{"k1": [], "k3": {"nk0": 1e-100, "nk1": -0.0, "nk2": 0.3333333333333333}, "k5": [], "k0": [3.141592653589793, 0.1, 1e+100, 9223372036854775807], "k4": [-9223372036854775808, 0, 1e+100], "k2": -1}