{"k2": {"nk0": 0.30000000000000004, "nk1": -2147483648}, "k1": [], "k0": "\u0000<😀ÿ<𐀀", "k5": [], "k4": true, "k3": [0, 1, 1.7976931348623157e+308, 0.2]}