{"𐀀\\<>😀> ": {"￿\"&": {"😀ࠀ&𐀀": [{"/ࠀ&\"<﻿": 2.718281828459045, "tag": 4}, 3.141592653589793, "/< ÿ"], "tag": 8}, "tag": 8}, "tag": 7}