{"пїївЂЁ": [{"\u0000пїї": {"вЂЁ&фЏїїпїївЂЁпїїВЂ": [9007199254740991, 0.30000000000000004, "\u0007ВЂ/ВЂГїа Ђ"], "tag": 6}, "tag": 6}, 0.30000000000000004, "\\ ДЂ<"], "tag": 9}