{"😀>𐀀﻿": [[{"Ā\u0000﻿/ ÿ﻿": 0.3, "tag": 7}, 2.718281828459045, "\u001f "], 0.30000000000000004, "😀"], "tag": 6}