{"ÿ𐀀￿\u001f": [[[{"\u0000𐀀ࠀ>\u0000>": 2.718281828459045, "tag": 7}, 2.2250738585072014e-308, "&﻿ÿ&\u001f"], 0.001, "&Ā \u001f"], -0.0, "ÿ﻿\\𐀀&"], "tag": 9}