{"\u0007<\u001fяњ": [[{">рЯША ": {"\\фПњњ": 1.7976931348623157e+308, "tag": 2}, "tag": 1}, 0.3333333333333333, "ƒАрЯШАпњљфПњњƒАƒАфПњњ"], 0.0, "рРААрРААпњљпњњрРАА\u001f"], "tag": 3}