{"k0": null, "k2": {"nk0": 2.2250738585072014e-308}, "k1": {"nk0": 0.3333333333333333, "nk1": 2.2250738585072014e-308}}