{"k1": [], "k3": {"nk0": 1, "nk1": 1.7976931348623157e+308, "nk2": 9007199254740991}, "k0": {"nk0": 2.718281828459045, "nk1": 3.141592653589793}, "k2": {"nk0": 9007199254740992, "nk1": 9223372036854775807, "nk2": 3.14159}}