{"Гҝ\\рҹҳҖ/ДҖфҸҝҝвҖ©": [[{"ВҖ \u001f ": 2.2250738585072014e-308, "tag": 7}, -1, "\"\" Яҝ"], 3.14159, "пҝҝ"], "tag": 5}