{"а Җ\u001fДҖ\u0000\u001f<пҝҪ": [[[9223372036854775807, 2.2250738585072014e-308, "<рҹҳҖ< &фҸҝҝВҖ"], 3.14159, "а ҖвҖЁ\\пҝҪрҗҖҖ\u0007"], 0.001, "\u0000 "], "tag": 5}