{"k5": [], "k2": 0.3333333333333333, "k1": [1e-100, 0.2], "k4": {"nk0": 0, "nk1": 0.30000000000000004}, "k3": 1e+17, "k0": -1}