{"k3": [9007199254740991], "k2": {"nk0": 0.001}, "k0": "<😀", "k1": [], "k4": [1000000000000000.0, 3.141592653589793, 0.001, 3.14159]}