{"/&": [{"￿": {"😀ࠀ﻿\u001f😀 ": [1.7976931348623157e+308, 3.14159, "😀"], "tag": 6}, "tag": 8}, 1.7976931348623157e+308, "\u0007/\u0007􏿿😀Ā߿"], "tag": 0}