{"k4": 1.7976931348623157e+308, "k0": 10000000000.0, "k2": [3.141592653589793], "k5": [], "k1": {"nk0": 1.7976931348623157e+308}, "k3": []}