{"ВҖ\u0000\\вҖ©а Җ": [[[{"Гҝ>\u0007<ГҝфҸҝҝ": 0, "tag": 0}, 2.718281828459045, "а Җ&"], 0.3, "\"пҝҝ\"рҹҳҖ\u0000\"\\Гҝ"], 0.30000000000000004, "фҸҝҝрҹҳҖДҖ"], "tag": 8}