{"k3": 2.718281828459045, "k0": true, "k4": {"nk0": 0.0, "nk1": 3.141592653589793}, "k2": "фҸҝҝ&<ДҖвҖЁ\\фҸҝҝрҹҳҖ", "k1": [], "k5": [1e+100, 10000000000.0]}