{"k1": "ВЂЯї\u001fВЂпїЅвЂ©&", "k4": [1000000000000000.0], "k2": [3.14159, 0.3333333333333333, 1], "k3": 3.141592653589793, "k0": {"nk0": 18446744073709551616}}